ZTF Name,Color
ZTF22aalzjdc,0.15486672687323022
ZTF22aambwfq,0.5217195503164831
