ZTF Name,SGSCORE
ZTF22aandowy,0.04233330115675926
ZTF22aalzjdc,0.9879170060157776
